Model,a0_constant,a1_linear,a2_quadratic,a3_cubic,Train_MSE,Test_MSE,Train_R2,Test_R2
Scratch Neural Network,179.22376131608738,56.444176947701706,-20.0429371641914,2.9943744187681265,9823.226101009506,2453811.8304805555,0.9959249263626774,-1.3917827477696236
Keras Neural Network,113.62808087597989,51.30022605714539,-15.493395055950067,3.5840675373690627,4210.691382144227,1039484.8840739982,0.998253233991579,-0.013208095833735278
True Equation,12.0,4.0,-7.0,5.0,0.0,0.0,1.0,1.0
